{
    "\u041f\u0435\u0440\u0435\u043b\u043e\u043c": {
        "coefficient": 0.5756171544970001,
        "intercept": -0.9343518418563945
    },
    "\u041a\u043e\u043d\u0441\u043e\u043b\u0438\u0434\u0438\u0440\u043e\u0432\u0430\u043d\u043d\u044b\u0439 \u043f\u0435\u0440\u0435\u043b\u043e\u043c": {
        "coefficient": 0.19201991729545137,
        "intercept": -1.1532306783273778
    }
}