{
    "\u041f\u0435\u0440\u0435\u043b\u043e\u043c": {
        "coefficient": 0.6689163588110751,
        "intercept": -1.3958643928877352
    },
    "\u041a\u043e\u043d\u0441\u043e\u043b\u0438\u0434\u0438\u0440\u043e\u0432\u0430\u043d\u043d\u044b\u0439 \u043f\u0435\u0440\u0435\u043b\u043e\u043c": {
        "coefficient": 0.22013246719542726,
        "intercept": -1.069491907126054
    }
}