{
    "\u041e\u0433\u0440\u0430\u043d\u0438\u0447\u0435\u043d\u043d\u043e\u0435 \u0437\u0430\u0442\u0435\u043c\u043d\u0435\u043d\u0438\u0435": {
        "coefficient": 1.0676901157365548,
        "intercept": -0.06324857268530307
    }
}