{
    "\u0421\u043d\u0438\u0436\u0435\u043d\u0438\u0435 \u043f\u043d\u0435\u0432\u043c\u0430\u0442\u0438\u0437\u0430\u0446\u0438\u0438": {
        "coefficient": 0.7531121063929215,
        "intercept": -1.2762901043054948
    },
    "\u041b\u0438\u043d\u0435\u0439\u043d\u044b\u0435 \u0438\u0437\u043c\u0435\u043d\u0435\u043d\u0438\u044f": {
        "coefficient": 0.5216939140120128,
        "intercept": 0.018097143768963632
    }
}